"UniprotID.TF","Name.TF","total_targets","deg_targets","prop_deg","contrast","index"
"O16850","daf-16",5377,295,0.0548633066765855,"RB2060_TR_vs_N2",16.1846754695927
"Q17381","pha-4",5104,272,0.0532915360501567,"RB2060_TR_vs_N2",14.4952978056426
"G5ECG2","fos-1",4097,245,0.0597998535513791,"RB2060_TR_vs_N2",14.6509641200879
"G5EFY7","pqm-1",3980,238,0.0597989949748744,"RB2060_TR_vs_N2",14.2321608040201
"Q17905","nhr-28",3748,227,0.0605656350053362,"RB2060_TR_vs_N2",13.7483991462113
"Q93560","blmp-1",4135,225,0.0544135429262394,"RB2060_TR_vs_N2",12.2430471584039
"P91868","snpc-4",4070,222,0.0545454545454545,"RB2060_TR_vs_N2",12.1090909090909
"Q45EK2","ceh-60",3604,221,0.0613207547169811,"RB2060_TR_vs_N2",13.5518867924528
"G5EDT1","lin-35",4133,220,0.0532300992015485,"RB2060_TR_vs_N2",11.7106218243407
"Q22703","dpl-1",4258,212,0.0497886331611085,"RB2060_TR_vs_N2",10.555190230155
"G5EEG1","nfya-1",4130,211,0.051089588377724,"RB2060_TR_vs_N2",10.7799031476998
"Q9N5S3","lsy-2",3984,211,0.0529618473895582,"RB2060_TR_vs_N2",11.1749497991968
"G5EF11","efl-1",3962,206,0.0519939424533064,"RB2060_TR_vs_N2",10.7107521453811
"G5ECR9","unc-55",3802,203,0.0533929510783798,"RB2060_TR_vs_N2",10.8387690689111
"O02316","nhr-77",3337,200,0.0599340725202277,"RB2060_TR_vs_N2",11.9868145040455
"P34670","snu-23",3541,198,0.0559164077944084,"RB2060_TR_vs_N2",11.0714487432929
"Q10655","elt-2",2994,191,0.0637942551770207,"RB2060_TR_vs_N2",12.184702738811
"Q22190","sma-9",3130,187,0.0597444089456869,"RB2060_TR_vs_N2",11.1722044728435
"Q21502","mep-1",3165,178,0.0562401263823065,"RB2060_TR_vs_N2",10.0107424960506
"Q27395","lin-15B",3044,176,0.0578186596583443,"RB2060_TR_vs_N2",10.1760840998686
"O17514","mes-2",3232,170,0.0525990099009901,"RB2060_TR_vs_N2",8.94183168316832
"P41828","nhr-23",3267,165,0.0505050505050505,"RB2060_TR_vs_N2",8.33333333333333
"O16748","ceh-82",2875,159,0.055304347826087,"RB2060_TR_vs_N2",8.79339130434783
"P34707","skn-1",2666,158,0.059264816204051,"RB2060_TR_vs_N2",9.36384096024006
"P10038","mab-5",2856,157,0.0549719887955182,"RB2060_TR_vs_N2",8.63060224089636
"Q11107","lin-13",2675,157,0.0586915887850467,"RB2060_TR_vs_N2",9.21457943925234
"Q21446","lin-14",2685,157,0.0584729981378026,"RB2060_TR_vs_N2",9.18026070763501
"G5EG44","mdl-1",2405,155,0.0644490644490645,"RB2060_TR_vs_N2",9.98960498960499
"O17646","-",2644,149,0.0563540090771558,"RB2060_TR_vs_N2",8.39674735249622
"G5EFQ5","rnt-1",2683,148,0.0551621319418561,"RB2060_TR_vs_N2",8.16399552739471
"O17208","gmeb-1",2471,146,0.0590853905301497,"RB2060_TR_vs_N2",8.62646701740186
"Q95QD7","lin-54",2810,146,0.0519572953736655,"RB2060_TR_vs_N2",7.58576512455516
"Q19345","nhr-25",2418,142,0.0587262200165426,"RB2060_TR_vs_N2",8.33912324234905
"A5JYV4","nhr-129",2128,140,0.0657894736842105,"RB2060_TR_vs_N2",9.21052631578947
"G5ECN8","ces-1",2367,138,0.0583016476552598,"RB2060_TR_vs_N2",8.04562737642586
"Q9N5D6","unc-62",2136,138,0.0646067415730337,"RB2060_TR_vs_N2",8.91573033707865
"P30630","lin-9",2518,136,0.0540111199364575,"RB2060_TR_vs_N2",7.34551231135822
"P41829","nhr-6",2333,135,0.057865409344192,"RB2060_TR_vs_N2",7.81183026146592
"Q10120","lin-52",2470,131,0.0530364372469636,"RB2060_TR_vs_N2",6.94777327935223
"P34684","lin-39",2276,127,0.0557996485061511,"RB2060_TR_vs_N2",7.08655536028119
"D0VWM8","tdp-1",2601,125,0.0480584390618993,"RB2060_TR_vs_N2",6.00730488273741
"Q19691","tbx-2",2080,124,0.0596153846153846,"RB2060_TR_vs_N2",7.39230769230769
"G5ECU7","1-Jun",1794,123,0.068561872909699,"RB2060_TR_vs_N2",8.43311036789298
"Q9U299","xrn-2",1885,123,0.0652519893899204,"RB2060_TR_vs_N2",8.02599469496021
"Q93520","-",2085,122,0.0585131894484412,"RB2060_TR_vs_N2",7.13860911270983
"G5EBF1","sax-3",1853,121,0.0652995143011333,"RB2060_TR_vs_N2",7.90124123043713
"P34341","kle-2",2177,119,0.0546623794212219,"RB2060_TR_vs_N2",6.5048231511254
"Q9GTD4","nhr-71",2203,114,0.0517476168860645,"RB2060_TR_vs_N2",5.89922832501135
"Q09565","nhr-20",1722,111,0.0644599303135888,"RB2060_TR_vs_N2",7.15505226480836
"Q23482","lin-37",2180,108,0.0495412844036697,"RB2060_TR_vs_N2",5.35045871559633
"P28515","elt-1",1484,106,0.0714285714285714,"RB2060_TR_vs_N2",7.57142857142857
"Q09441","-",1735,106,0.0610951008645533,"RB2060_TR_vs_N2",6.47608069164265
"G5EC14","epc-1",1717,105,0.0611531741409435,"RB2060_TR_vs_N2",6.42108328479907
"P34474","hlh-11",1334,100,0.0749625187406297,"RB2060_TR_vs_N2",7.49625187406297
"P34545","cbp-1",1378,100,0.0725689404934688,"RB2060_TR_vs_N2",7.25689404934688
"Q95Y84","hcp-6",1509,99,0.0656063618290258,"RB2060_TR_vs_N2",6.49502982107356
"P34326","ceh-16",1415,98,0.0692579505300353,"RB2060_TR_vs_N2",6.78727915194346
"G5EE07","xbp-1",1549,94,0.0606843124596514,"RB2060_TR_vs_N2",5.70432537120723
"G5EFF4","sem-4",1430,94,0.0657342657342657,"RB2060_TR_vs_N2",6.17902097902098
"P45896","sma-3",1355,94,0.0693726937269373,"RB2060_TR_vs_N2",6.5210332103321
"P17486","egl-5",1387,91,0.0656092285508291,"RB2060_TR_vs_N2",5.97043979812545
"Q09228","egl-27",1566,90,0.0574712643678161,"RB2060_TR_vs_N2",5.17241379310345
"P34708","tra-1",1739,87,0.0500287521564117,"RB2060_TR_vs_N2",4.35250143760782
"Q18299","nhr-43",1266,87,0.0687203791469194,"RB2060_TR_vs_N2",5.97867298578199
"O44505","-",1097,85,0.0774840474020055,"RB2060_TR_vs_N2",6.58614402917047
"G5EFT5","hsf-1",1121,84,0.0749330954504906,"RB2060_TR_vs_N2",6.29438001784121
"Q19753","-",1130,84,0.0743362831858407,"RB2060_TR_vs_N2",6.24424778761062
"G5EDU4","eor-1",1109,83,0.0748422001803427,"RB2060_TR_vs_N2",6.21190261496844
"H2L0N7","-",1364,83,0.0608504398826979,"RB2060_TR_vs_N2",5.05058651026393
"Q17370","nhr-47",1594,80,0.0501882057716437,"RB2060_TR_vs_N2",4.01505646173149
"Q18037","-",919,77,0.0837867247007617,"RB2060_TR_vs_N2",6.45157780195865
"Q18694","unc-130",1109,77,0.0694319206492336,"RB2060_TR_vs_N2",5.34625788999098
"P13528","unc-86",1121,76,0.0677966101694915,"RB2060_TR_vs_N2",5.15254237288136
"Q23294","nhr-11",1009,76,0.0753221010901883,"RB2060_TR_vs_N2",5.72447968285431
"Q9U325","mef-2",1113,76,0.0682839173405211,"RB2060_TR_vs_N2",5.1895777178796
"O02219","aha-1",860,70,0.0813953488372093,"RB2060_TR_vs_N2",5.69767441860465
"O17025","nhr-90",1069,70,0.0654817586529467,"RB2060_TR_vs_N2",4.58372310570627
"P34522","pros-1",1157,69,0.0596369922212619,"RB2060_TR_vs_N2",4.11495246326707
"G5EBU4","zag-1",892,68,0.0762331838565022,"RB2060_TR_vs_N2",5.18385650224215
"O17862","lir-3",1020,67,0.0656862745098039,"RB2060_TR_vs_N2",4.40098039215686
"G4SGI5","oef-1",1141,66,0.0578439964943032,"RB2060_TR_vs_N2",3.81770376862401
"Q18909","cebp-1",853,66,0.0773739742086753,"RB2060_TR_vs_N2",5.10668229777257
"U4PEA1","-",997,66,0.0661985957873621,"RB2060_TR_vs_N2",4.3691073219659
"P20154","lin-11",786,65,0.0826972010178117,"RB2060_TR_vs_N2",5.37531806615776
"P46505","zip-8",843,65,0.0771055753262159,"RB2060_TR_vs_N2",5.01186239620403
"Q20448","ztf-7",857,62,0.0723453908984831,"RB2060_TR_vs_N2",4.48541423570595
"Q23541","rbr-2",907,56,0.061742006615215,"RB2060_TR_vs_N2",3.45755237045204
"Q93246","dsc-1",881,56,0.0635641316685585,"RB2060_TR_vs_N2",3.55959137343927
"G5EE18","ceh-28",983,54,0.0549338758901322,"RB2060_TR_vs_N2",2.96642929806714
"P48996","dpy-27",1516,53,0.0349604221635884,"RB2060_TR_vs_N2",1.85290237467018
"Q21955","mdt-15",1085,52,0.047926267281106,"RB2060_TR_vs_N2",2.49216589861751
"G5EGD2","hif-1",804,51,0.0634328358208955,"RB2060_TR_vs_N2",3.23507462686567
"Q966B8","nhr-237",534,51,0.0955056179775281,"RB2060_TR_vs_N2",4.87078651685393
"O62183","aly-2",524,50,0.0954198473282443,"RB2060_TR_vs_N2",4.77099236641221
"P91547","duxl-1",831,50,0.0601684717208183,"RB2060_TR_vs_N2",3.00842358604091
"Q9TZI2","ztf-4",569,47,0.0826010544815466,"RB2060_TR_vs_N2",3.88224956063269
"G5EBL3","sdc-2",203,44,0.216748768472906,"RB2060_TR_vs_N2",9.53694581280788
"P90916","lin-53",725,44,0.0606896551724138,"RB2060_TR_vs_N2",2.67034482758621
"Q65ZG8","lin-42",789,42,0.0532319391634981,"RB2060_TR_vs_N2",2.23574144486692
"Q9XUK7","nhr-85",542,42,0.0774907749077491,"RB2060_TR_vs_N2",3.25461254612546
"O45134","xnd-1",810,41,0.0506172839506173,"RB2060_TR_vs_N2",2.07530864197531
"Q17694","snpc-1.1",580,41,0.0706896551724138,"RB2060_TR_vs_N2",2.89827586206897
"Q22812","ceh-39",350,41,0.117142857142857,"RB2060_TR_vs_N2",4.80285714285714
"O17593","fkh-10",550,39,0.0709090909090909,"RB2060_TR_vs_N2",2.76545454545455
"Q23521","-",301,36,0.119601328903654,"RB2060_TR_vs_N2",4.30564784053156
"Q9XWS3","madf-10",533,35,0.0656660412757974,"RB2060_TR_vs_N2",2.29831144465291
"Q9GZC9","-",360,34,0.0944444444444444,"RB2060_TR_vs_N2",3.21111111111111
"P34706","sdc-3",849,33,0.03886925795053,"RB2060_TR_vs_N2",1.28268551236749
"P52906","unc-30",547,33,0.0603290676416819,"RB2060_TR_vs_N2",1.9908592321755
"Q10661","dpy-30",358,33,0.0921787709497207,"RB2060_TR_vs_N2",3.04189944134078
"P17512","mtl-2",756,32,0.0423280423280423,"RB2060_TR_vs_N2",1.35449735449735
"P32085","tbp-1",545,31,0.0568807339449541,"RB2060_TR_vs_N2",1.76330275229358
"Q7JNN6","snpc-1.3",511,31,0.060665362035225,"RB2060_TR_vs_N2",1.88062622309198
"O44743","let-607",331,30,0.0906344410876133,"RB2060_TR_vs_N2",2.7190332326284
"P41999","nhr-10",319,30,0.0940438871473354,"RB2060_TR_vs_N2",2.82131661442006
"Q93348","irx-1",396,29,0.0732323232323232,"RB2060_TR_vs_N2",2.12373737373737
"Q23045","egl-13",363,28,0.0771349862258953,"RB2060_TR_vs_N2",2.15977961432507
"Q20082","zfp-2",154,27,0.175324675324675,"RB2060_TR_vs_N2",4.73376623376623
"Q21148","zip-2",180,26,0.144444444444444,"RB2060_TR_vs_N2",3.75555555555556
"Q65CM0","nhr-76",356,24,0.0674157303370786,"RB2060_TR_vs_N2",1.61797752808989
"Q95XZ5","pqn-85",447,24,0.0536912751677852,"RB2060_TR_vs_N2",1.28859060402685
"Q9U263","set-26",227,24,0.105726872246696,"RB2060_TR_vs_N2",2.53744493392071
"B9ZSG9","ztf-18",380,23,0.0605263157894737,"RB2060_TR_vs_N2",1.39210526315789
"O02169","-",301,23,0.0764119601328904,"RB2060_TR_vs_N2",1.75747508305648
"Q17922","sox-4",276,23,0.0833333333333333,"RB2060_TR_vs_N2",1.91666666666667
"O01683","hmg-3",447,22,0.0492170022371365,"RB2060_TR_vs_N2",1.082774049217
"O02274","ztf-11",379,22,0.0580474934036939,"RB2060_TR_vs_N2",1.27704485488127
"Q10902","nhr-2",287,22,0.0766550522648084,"RB2060_TR_vs_N2",1.68641114982578
"Q94398","ceh-8",255,21,0.0823529411764706,"RB2060_TR_vs_N2",1.72941176470588
"Q9U2M1","dpy-28",607,21,0.0345963756177924,"RB2060_TR_vs_N2",0.726523887973641
"Q18711","mxl-3",269,20,0.0743494423791822,"RB2060_TR_vs_N2",1.48698884758364
"O02273","lsl-1",520,19,0.0365384615384615,"RB2060_TR_vs_N2",0.694230769230769
"Q22092","snpc-3.4",295,19,0.0644067796610169,"RB2060_TR_vs_N2",1.22372881355932
"B2D6M2","lin-61",445,17,0.0382022471910112,"RB2060_TR_vs_N2",0.649438202247191
"Q9XVN4","ceh-27",204,17,0.0833333333333333,"RB2060_TR_vs_N2",1.41666666666667
"Q21272","pax-1",104,16,0.153846153846154,"RB2060_TR_vs_N2",2.46153846153846
"G5EGE9","dpy-26",431,15,0.0348027842227378,"RB2060_TR_vs_N2",0.522041763341067
"Q965W2","nhr-86",211,15,0.0710900473933649,"RB2060_TR_vs_N2",1.06635071090047
"Q9NAD6","sta-1",238,15,0.0630252100840336,"RB2060_TR_vs_N2",0.945378151260504
"Q9XVJ1","nhr-102",220,15,0.0681818181818182,"RB2060_TR_vs_N2",1.02272727272727
"Q22093","tftc-5",228,14,0.0614035087719298,"RB2060_TR_vs_N2",0.859649122807018
"O17617","fkh-4",237,13,0.0548523206751055,"RB2060_TR_vs_N2",0.713080168776371
"Q9XVV3","nhr-67",100,13,0.13,"RB2060_TR_vs_N2",1.69
"B2D6P4","tlf-1",90,12,0.133333333333333,"RB2060_TR_vs_N2",1.6
"Q95PV7","tftc-3",230,12,0.0521739130434783,"RB2060_TR_vs_N2",0.626086956521739
"Q22173","attf-5",140,11,0.0785714285714286,"RB2060_TR_vs_N2",0.864285714285714
"Q94407","nhr-48",137,11,0.0802919708029197,"RB2060_TR_vs_N2",0.883211678832117
"G5EEL9","hmg-11",107,10,0.0934579439252336,"RB2060_TR_vs_N2",0.934579439252336
"Q21374","-",214,10,0.0467289719626168,"RB2060_TR_vs_N2",0.467289719626168
"A8WFJ9","ets-4",183,9,0.0491803278688525,"RB2060_TR_vs_N2",0.442622950819672
"P45968","cec-3",127,9,0.0708661417322835,"RB2060_TR_vs_N2",0.637795275590551
"Q09534","-",79,9,0.113924050632911,"RB2060_TR_vs_N2",1.0253164556962
"Q19723","-",108,9,0.0833333333333333,"RB2060_TR_vs_N2",0.75
"Q20818","capg-2",125,9,0.072,"RB2060_TR_vs_N2",0.648
"Q21701","nhr-12",125,9,0.072,"RB2060_TR_vs_N2",0.648
"Q22910","ceh-31",293,9,0.0307167235494881,"RB2060_TR_vs_N2",0.276450511945392
"Q69YW8","ceh-90",283,9,0.0318021201413428,"RB2060_TR_vs_N2",0.286219081272085
"G5ECT8","ceh-2",139,8,0.0575539568345324,"RB2060_TR_vs_N2",0.460431654676259
"O01789","him-1",83,8,0.0963855421686747,"RB2060_TR_vs_N2",0.771084337349398
"P41934","ceh-18",145,8,0.0551724137931034,"RB2060_TR_vs_N2",0.441379310344828
"Q09591","mix-1",285,7,0.0245614035087719,"RB2060_TR_vs_N2",0.171929824561404
"Q11094","hlh-8",126,7,0.0555555555555556,"RB2060_TR_vs_N2",0.388888888888889
"Q11178","attf-4",54,7,0.12962962962963,"RB2060_TR_vs_N2",0.907407407407407
"Q18248","dmd-4",129,7,0.0542635658914729,"RB2060_TR_vs_N2",0.37984496124031
"Q18919","spr-1",90,7,0.0777777777777778,"RB2060_TR_vs_N2",0.544444444444445
"Q22909","ceh-30",88,7,0.0795454545454545,"RB2060_TR_vs_N2",0.556818181818182
"O01441","-",109,6,0.055045871559633,"RB2060_TR_vs_N2",0.330275229357798
"Q94165","ceh-34",81,6,0.0740740740740741,"RB2060_TR_vs_N2",0.444444444444444
"G5EBZ4","let-418",187,5,0.0267379679144385,"RB2060_TR_vs_N2",0.133689839572193
"G5EF71","med-1",172,5,0.0290697674418605,"RB2060_TR_vs_N2",0.145348837209302
"G5EFJ4","capg-1",285,5,0.0175438596491228,"RB2060_TR_vs_N2",0.087719298245614
"O44131","-",172,5,0.0290697674418605,"RB2060_TR_vs_N2",0.145348837209302
"O45080","ceh-48",161,5,0.031055900621118,"RB2060_TR_vs_N2",0.15527950310559
"P91306","cey-2",73,5,0.0684931506849315,"RB2060_TR_vs_N2",0.342465753424658
"Q20060","smc-4",44,5,0.113636363636364,"RB2060_TR_vs_N2",0.568181818181818
"Q94361","gei-17",30,5,0.166666666666667,"RB2060_TR_vs_N2",0.833333333333333
"Q9N360","-",41,5,0.121951219512195,"RB2060_TR_vs_N2",0.609756097560976
"G5EFF5","daf-12",33,4,0.121212121212121,"RB2060_TR_vs_N2",0.484848484848485
"G5EGE2","cog-1",36,4,0.111111111111111,"RB2060_TR_vs_N2",0.444444444444444
"P41936","ceh-22",43,4,0.0930232558139535,"RB2060_TR_vs_N2",0.372093023255814
"P46581","cnd-1",73,4,0.0547945205479452,"RB2060_TR_vs_N2",0.219178082191781
"Q95PX3","tbx-7",110,4,0.0363636363636364,"RB2060_TR_vs_N2",0.145454545454545
"A0A131MCL4","die-1",26,3,0.115384615384615,"RB2060_TR_vs_N2",0.346153846153846
"G5ED66","pax-3",60,3,0.05,"RB2060_TR_vs_N2",0.15
"G5EDE1","pag-3",92,3,0.0326086956521739,"RB2060_TR_vs_N2",0.0978260869565217
"O17894","unc-39",54,3,0.0555555555555556,"RB2060_TR_vs_N2",0.166666666666667
"O61845","chd-7",28,3,0.107142857142857,"RB2060_TR_vs_N2",0.321428571428571
"O76561","-",32,3,0.09375,"RB2060_TR_vs_N2",0.28125
"Q09604","vab-15",24,3,0.125,"RB2060_TR_vs_N2",0.375
"Q17768","spr-3",21,3,0.142857142857143,"RB2060_TR_vs_N2",0.428571428571429
"Q18955","unc-120",50,3,0.06,"RB2060_TR_vs_N2",0.18
"Q19335","repo-1",26,3,0.115384615384615,"RB2060_TR_vs_N2",0.346153846153846
"Q23175","ceh-32",35,3,0.0857142857142857,"RB2060_TR_vs_N2",0.257142857142857
"Q9N5H8","-",44,3,0.0681818181818182,"RB2060_TR_vs_N2",0.204545454545455
"A7DTF0","mrg-1",16,2,0.125,"RB2060_TR_vs_N2",0.25
"O01996","eyg-1",34,2,0.0588235294117647,"RB2060_TR_vs_N2",0.117647058823529
"O18065","zim-3",18,2,0.111111111111111,"RB2060_TR_vs_N2",0.222222222222222
"P20271","ceh-14",73,2,0.0273972602739726,"RB2060_TR_vs_N2",0.0547945205479452
"P41846","mml-1",52,2,0.0384615384615385,"RB2060_TR_vs_N2",0.0769230769230769
"P91437","-",50,2,0.04,"RB2060_TR_vs_N2",0.08
"Q7YWZ7","-",8,2,0.25,"RB2060_TR_vs_N2",0.5
"Q93727","sptf-1",26,2,0.0769230769230769,"RB2060_TR_vs_N2",0.153846153846154
"Q9XUB3","rec-8",45,2,0.0444444444444444,"RB2060_TR_vs_N2",0.0888888888888889
"Q9XV35","madf-2",26,2,0.0769230769230769,"RB2060_TR_vs_N2",0.153846153846154
"Q9XWL0","-",16,2,0.125,"RB2060_TR_vs_N2",0.25
"G5EGF8","tlp-1",54,1,0.0185185185185185,"RB2060_TR_vs_N2",0.0185185185185185
"H2KZM4","peb-1",14,1,0.0714285714285714,"RB2060_TR_vs_N2",0.0714285714285714
"H2L008","ztf-16",24,1,0.0416666666666667,"RB2060_TR_vs_N2",0.0416666666666667
"O01519","ets-7",24,1,0.0416666666666667,"RB2060_TR_vs_N2",0.0416666666666667
"P34333","gei-8",3,1,0.333333333333333,"RB2060_TR_vs_N2",0.333333333333333
"Q09249","-",31,1,0.032258064516129,"RB2060_TR_vs_N2",0.032258064516129
"Q10574","lin-32",30,1,0.0333333333333333,"RB2060_TR_vs_N2",0.0333333333333333
"Q10666","pop-1",19,1,0.0526315789473684,"RB2060_TR_vs_N2",0.0526315789473684
"Q18605","athp-1",19,1,0.0526315789473684,"RB2060_TR_vs_N2",0.0526315789473684
"Q23272","atfs-1",10,1,0.1,"RB2060_TR_vs_N2",0.1
"Q93705","unc-3",15,1,0.0666666666666667,"RB2060_TR_vs_N2",0.0666666666666667
"Q93779","gmeb-2",17,1,0.0588235294117647,"RB2060_TR_vs_N2",0.0588235294117647
"Q9BKT9","npp-13",41,1,0.024390243902439,"RB2060_TR_vs_N2",0.024390243902439
"Q9BLC4","sdz-12",8,1,0.125,"RB2060_TR_vs_N2",0.125
"Q9NAG7","ztf-22",5,1,0.2,"RB2060_TR_vs_N2",0.2
"G5ED89","dcp-66",1,0,0,"RB2060_TR_vs_N2",0
"G5EE86","ttx-3",13,0,0,"RB2060_TR_vs_N2",0
"G5EEH5","mxl-1",2,0,0,"RB2060_TR_vs_N2",0
"G5EGN8","nhr-27",1,0,0,"RB2060_TR_vs_N2",0
"H2KYD3","-",1,0,0,"RB2060_TR_vs_N2",0
"O01819","tofu-4",12,0,0,"RB2060_TR_vs_N2",0
"O02224","ceh-79",3,0,0,"RB2060_TR_vs_N2",0
"O16749","ceh-83",2,0,0,"RB2060_TR_vs_N2",0
"O17828","prde-1",19,0,0,"RB2060_TR_vs_N2",0
"O44498","set-9",7,0,0,"RB2060_TR_vs_N2",0
"O44637","nhr-179",1,0,0,"RB2060_TR_vs_N2",0
"O44712","ahr-1",27,0,0,"RB2060_TR_vs_N2",0
"O45103","snai-1",3,0,0,"RB2060_TR_vs_N2",0
"O45521","nhr-111",2,0,0,"RB2060_TR_vs_N2",0
"O62412","nhr-232",31,0,0,"RB2060_TR_vs_N2",0
"P09088","mec-3",13,0,0,"RB2060_TR_vs_N2",0
"P17488","ceh-13",4,0,0,"RB2060_TR_vs_N2",0
"P20268","ceh-6",27,0,0,"RB2060_TR_vs_N2",0
"P22980","hlh-1",3,0,0,"RB2060_TR_vs_N2",0
"P26797","ceh-19",13,0,0,"RB2060_TR_vs_N2",0
"P34555","hlh-4",4,0,0,"RB2060_TR_vs_N2",0
"P41848","hmg-4",13,0,0,"RB2060_TR_vs_N2",0
"P41935","ceh-10",2,0,0,"RB2060_TR_vs_N2",0
"P56407","ceh-9",6,0,0,"RB2060_TR_vs_N2",0
"Q09477","dpff-1",1,0,0,"RB2060_TR_vs_N2",0
"Q09555","daf-19",16,0,0,"RB2060_TR_vs_N2",0
"Q10007","hlh-6",14,0,0,"RB2060_TR_vs_N2",0
"Q10924","fkh-6",18,0,0,"RB2060_TR_vs_N2",0
"Q10938","-",3,0,0,"RB2060_TR_vs_N2",0
"Q17561","aly-1",7,0,0,"RB2060_TR_vs_N2",0
"Q18277","hlh-12",2,0,0,"RB2060_TR_vs_N2",0
"Q18419","-",8,0,0,"RB2060_TR_vs_N2",0
"Q18508","mel-28",6,0,0,"RB2060_TR_vs_N2",0
"Q18512","-",7,0,0,"RB2060_TR_vs_N2",0
"Q18533","mls-2",7,0,0,"RB2060_TR_vs_N2",0
"Q18590","hlh-15",7,0,0,"RB2060_TR_vs_N2",0
"Q18612","hnd-1",17,0,0,"RB2060_TR_vs_N2",0
"Q19306","-",1,0,0,"RB2060_TR_vs_N2",0
"Q19787","bed-3",6,0,0,"RB2060_TR_vs_N2",0
"Q20561","hlh-13",16,0,0,"RB2060_TR_vs_N2",0
"Q20709","tra-4",3,0,0,"RB2060_TR_vs_N2",0
"Q21192","lim-6",35,0,0,"RB2060_TR_vs_N2",0
"Q21361","atf-2",1,0,0,"RB2060_TR_vs_N2",0
"Q21494","-",22,0,0,"RB2060_TR_vs_N2",0
"Q21578","pha-2",4,0,0,"RB2060_TR_vs_N2",0
"Q21836","alr-1",11,0,0,"RB2060_TR_vs_N2",0
"Q22289","tbx-9",2,0,0,"RB2060_TR_vs_N2",0
"Q22292","tbx-8",10,0,0,"RB2060_TR_vs_N2",0
"Q22696","-",5,0,0,"RB2060_TR_vs_N2",0
"Q22798","-",4,0,0,"RB2060_TR_vs_N2",0
"Q22829","pat-9",6,0,0,"RB2060_TR_vs_N2",0
"Q23096","tofu-5",28,0,0,"RB2060_TR_vs_N2",0
"Q27511","htz-1",2,0,0,"RB2060_TR_vs_N2",0
"Q8T3B9","sem-2",4,0,0,"RB2060_TR_vs_N2",0
"Q93352","ceh-36",35,0,0,"RB2060_TR_vs_N2",0
"Q94126","ces-2",1,0,0,"RB2060_TR_vs_N2",0
"Q95QI7","daf-3",1,0,0,"RB2060_TR_vs_N2",0
"Q965P0","-",15,0,0,"RB2060_TR_vs_N2",0
"Q966L3","akir-1",11,0,0,"RB2060_TR_vs_N2",0
"Q966L8","che-1",6,0,0,"RB2060_TR_vs_N2",0
"Q9BIB8","imb-1",10,0,0,"RB2060_TR_vs_N2",0
"Q9NH52","mes-4",1,0,0,"RB2060_TR_vs_N2",0
"Q9U2V2","-",17,0,0,"RB2060_TR_vs_N2",0
"Q9XTB5","lem-2",7,0,0,"RB2060_TR_vs_N2",0
"Q9XVS4","dao-5",8,0,0,"RB2060_TR_vs_N2",0
